Uniprot_ID;HEK293;MCF10A;U2OS;GO_RBP;RBP_Capture
A0AVT1;1;0;1;FALSE;FALSE
A1L390;0;0;1;FALSE;FALSE
A1X283;0;1;0;FALSE;FALSE
A2RRP1;1;0;1;FALSE;FALSE
A4D1P6;1;0;0;FALSE;FALSE
A5YKK6;1;1;1;TRUE;TRUE
A6NHR9;1;0;1;FALSE;FALSE
A7KAX9;0;1;0;FALSE;FALSE
O00116;1;0;1;FALSE;FALSE
O00139;1;1;1;FALSE;FALSE
O00151;1;1;0;FALSE;FALSE
O00154;0;1;0;FALSE;FALSE
O00159;0;1;1;FALSE;FALSE
O00170;1;0;0;FALSE;FALSE
O00178;0;1;0;TRUE;TRUE
O00193;1;1;0;FALSE;FALSE
O00203;1;1;0;FALSE;FALSE
O00233;1;1;0;FALSE;FALSE
O00267;1;1;1;TRUE;TRUE
O00273;1;0;0;FALSE;FALSE
O00291;0;0;1;FALSE;FALSE
O00299;1;1;1;FALSE;FALSE
O00410;1;1;1;TRUE;TRUE
O00411;1;0;1;TRUE;TRUE
O00443;0;0;1;FALSE;FALSE
O00505;1;1;0;FALSE;FALSE
O00541;1;1;1;TRUE;TRUE
O00560;0;1;0;FALSE;FALSE
O00566;1;1;1;TRUE;TRUE
O00567;1;1;1;TRUE;TRUE
O00571;1;1;1;TRUE;TRUE
O00629;0;1;1;FALSE;FALSE
O14497;1;1;1;FALSE;FALSE
O14578;1;1;1;FALSE;FALSE
O14617;1;1;0;FALSE;FALSE
O14639;0;0;1;FALSE;FALSE
O14646;1;1;1;FALSE;FALSE
O14647;1;1;0;TRUE;TRUE
O14686;1;0;1;FALSE;FALSE
O14744;1;1;0;FALSE;FALSE
O14776;1;1;1;TRUE;TRUE
O14777;0;0;1;FALSE;FALSE
O14787;1;0;0;FALSE;FALSE
O14802;0;0;1;FALSE;FALSE
O14828;1;0;0;FALSE;TRUE
O14908;0;1;0;FALSE;FALSE
O14929;1;0;0;FALSE;FALSE
O14964;0;1;0;FALSE;FALSE
O14974;0;1;0;FALSE;FALSE
O14976;1;0;0;FALSE;FALSE
O14979;1;1;1;TRUE;TRUE
O14980;1;1;1;TRUE;FALSE
O14981;1;0;1;FALSE;FALSE
O15020;1;1;1;FALSE;FALSE
O15027;1;1;1;FALSE;FALSE
O15042;1;1;1;TRUE;TRUE
O15047;1;0;0;TRUE;FALSE
O15067;1;1;1;FALSE;FALSE
O15143;0;1;0;FALSE;TRUE
O15145;0;1;0;FALSE;FALSE
O15164;1;0;0;FALSE;FALSE
O15213;1;1;1;TRUE;TRUE
O15226;1;0;1;TRUE;TRUE
O15231;0;1;1;FALSE;FALSE
O15234;1;1;1;TRUE;TRUE
O15318;1;0;0;FALSE;FALSE
O15347;1;0;0;TRUE;TRUE
O15355;1;0;1;FALSE;FALSE
O15357;1;0;1;FALSE;FALSE
O15371;1;1;1;TRUE;TRUE
O15372;0;1;1;TRUE;TRUE
O15381;1;0;0;TRUE;TRUE
O15397;1;0;1;FALSE;FALSE
O15446;0;1;0;TRUE;TRUE
O43143;1;1;1;TRUE;TRUE
O43149;1;0;1;FALSE;FALSE
O43156;0;0;1;FALSE;FALSE
O43159;1;1;1;TRUE;TRUE
O43166;0;0;1;FALSE;FALSE
O43172;1;0;0;TRUE;FALSE
O43175;1;1;1;FALSE;TRUE
O43237;0;1;1;FALSE;FALSE
O43264;1;0;1;FALSE;FALSE
O43290;1;1;1;TRUE;TRUE
O43379;1;0;1;TRUE;FALSE
O43390;1;1;1;TRUE;TRUE
O43395;1;0;0;TRUE;TRUE
O43396;0;1;1;FALSE;FALSE
O43432;1;1;0;TRUE;TRUE
O43491;1;0;0;FALSE;TRUE
O43583;1;1;0;TRUE;FALSE
O43592;1;1;1;TRUE;FALSE
O43660;0;0;1;FALSE;FALSE
O43663;1;0;1;FALSE;FALSE
O43670;1;1;0;TRUE;TRUE
O43683;1;0;1;FALSE;FALSE
O43684;1;1;1;FALSE;FALSE
O43707;1;1;1;TRUE;TRUE
O43719;1;1;1;TRUE;TRUE
O43765;1;0;0;FALSE;FALSE
O43776;1;1;1;FALSE;TRUE
O43795;0;1;1;FALSE;FALSE
O43815;0;0;1;FALSE;FALSE
O43823;1;1;1;TRUE;TRUE
O43847;1;1;0;FALSE;FALSE
O43896;0;1;0;TRUE;TRUE
O60231;1;0;1;TRUE;TRUE
O60244;0;0;1;FALSE;FALSE
O60264;1;1;1;FALSE;FALSE
O60271;1;1;1;FALSE;TRUE
O60287;1;0;1;TRUE;TRUE
O60292;1;0;0;FALSE;FALSE
O60293;1;0;0;TRUE;TRUE
O60306;1;0;1;TRUE;TRUE
O60313;0;0;1;FALSE;FALSE
O60318;1;0;1;FALSE;FALSE
O60333;1;0;0;FALSE;FALSE
O60343;1;0;1;FALSE;FALSE
O60488;0;1;0;FALSE;FALSE
O60506;1;1;1;TRUE;TRUE
O60518;0;0;1;FALSE;FALSE
O60566;0;0;1;FALSE;FALSE
O60610;1;1;1;TRUE;TRUE
O60664;1;1;1;FALSE;FALSE
O60684;1;0;0;FALSE;FALSE
O60716;1;1;1;FALSE;TRUE
O60763;1;1;1;TRUE;TRUE
O60828;0;0;1;FALSE;FALSE
O60832;1;1;1;TRUE;TRUE
O60841;1;1;1;TRUE;TRUE
O60869;1;1;1;TRUE;TRUE
O60884;1;0;1;FALSE;FALSE
O60885;1;0;0;FALSE;FALSE
O60942;1;0;0;FALSE;FALSE
O75083;0;1;0;FALSE;FALSE
O75116;1;1;1;TRUE;TRUE
O75122;1;1;1;FALSE;TRUE
O75131;1;0;0;TRUE;TRUE
O75146;0;0;1;FALSE;FALSE
O75147;0;0;1;FALSE;FALSE
O75150;1;0;0;TRUE;FALSE
O75152;1;1;1;TRUE;TRUE
O75153;1;1;1;TRUE;FALSE
O75165;1;0;1;FALSE;FALSE
O75170;0;0;1;FALSE;FALSE
O75179;1;1;1;TRUE;TRUE
O75319;1;0;1;TRUE;TRUE
O75367;1;0;0;FALSE;TRUE
O75369;1;1;1;TRUE;TRUE
O75376;1;1;0;FALSE;FALSE
O75390;1;1;1;TRUE;TRUE
O75400;1;1;1;TRUE;TRUE
O75427;0;0;1;FALSE;FALSE
O75439;0;1;0;FALSE;FALSE
O75475;1;1;1;TRUE;TRUE
O75494;1;1;1;TRUE;TRUE
O75533;1;1;1;TRUE;TRUE
O75534;1;1;1;TRUE;TRUE
O75569;0;1;0;TRUE;TRUE
O75592;1;0;1;FALSE;FALSE
O75607;0;1;0;TRUE;TRUE
O75616;1;0;0;TRUE;TRUE
O75643;1;1;1;TRUE;TRUE
O75665;1;1;0;FALSE;FALSE
O75688;1;0;0;FALSE;FALSE
O75691;1;1;1;TRUE;TRUE
O75717;1;0;0;TRUE;FALSE
O75821;1;1;1;TRUE;TRUE
O75822;1;1;1;TRUE;TRUE
O75909;1;1;0;FALSE;FALSE
O75937;1;0;0;FALSE;FALSE
O75940;1;1;0;TRUE;TRUE
O75962;1;0;1;FALSE;FALSE
O76003;1;1;1;TRUE;TRUE
O76021;1;1;1;TRUE;TRUE
O76094;1;1;1;TRUE;TRUE
O94761;1;0;1;FALSE;FALSE
O94776;1;0;1;FALSE;FALSE
O94822;1;0;1;FALSE;FALSE
O94826;0;1;0;FALSE;FALSE
O94855;0;0;1;FALSE;FALSE
O94880;1;1;0;FALSE;FALSE
O94901;1;1;1;FALSE;FALSE
O94903;0;1;0;FALSE;FALSE
O94906;1;0;1;TRUE;TRUE
O94913;1;1;0;TRUE;FALSE
O94915;1;0;1;FALSE;FALSE
O94925;0;1;1;FALSE;FALSE
O94927;1;0;0;FALSE;FALSE
O94973;1;0;0;FALSE;FALSE
O94979;1;1;1;FALSE;TRUE
O94992;1;1;1;TRUE;FALSE
O95071;1;1;1;TRUE;FALSE
O95104;1;1;0;TRUE;TRUE
O95155;0;0;1;FALSE;FALSE
O95163;1;0;1;FALSE;FALSE
O95218;1;1;1;TRUE;TRUE
O95232;1;1;1;TRUE;TRUE
O95235;1;0;1;FALSE;FALSE
O95239;1;0;1;FALSE;FALSE
O95248;1;0;1;FALSE;FALSE
O95347;1;1;1;FALSE;FALSE
O95359;0;1;0;FALSE;FALSE
O95373;1;1;1;FALSE;FALSE
O95425;0;1;1;FALSE;FALSE
O95478;1;1;0;TRUE;TRUE
O95486;1;0;1;FALSE;FALSE
O95487;1;1;1;FALSE;FALSE
O95573;1;1;1;FALSE;FALSE
O95602;1;1;1;FALSE;FALSE
O95613;1;1;1;FALSE;FALSE
O95714;1;0;1;FALSE;FALSE
O95747;0;1;0;FALSE;FALSE
O95758;1;1;1;TRUE;TRUE
O95782;1;0;1;FALSE;FALSE
O95785;1;0;0;FALSE;FALSE
O95793;1;1;1;TRUE;TRUE
O95817;0;1;1;FALSE;FALSE
O95819;1;1;0;FALSE;FALSE
O95864;0;0;1;FALSE;TRUE
O96013;1;0;0;FALSE;FALSE
P00338;1;1;1;FALSE;TRUE
P00387;0;1;0;FALSE;FALSE
P00390;1;1;1;FALSE;FALSE
P00492;1;0;0;FALSE;FALSE
P00505;1;1;0;TRUE;TRUE
P00558;1;1;1;FALSE;FALSE
P00966;0;1;0;TRUE;TRUE
P02545;1;1;1;FALSE;TRUE
P02794;1;1;0;FALSE;FALSE
P04080;0;1;0;TRUE;TRUE
P04083;0;1;1;TRUE;FALSE
P04150;0;1;0;TRUE;FALSE
P04181;1;1;0;FALSE;FALSE
P04183;0;0;1;FALSE;FALSE
P04406;1;1;1;FALSE;FALSE
P04632;0;1;0;FALSE;FALSE
P04792;0;1;1;TRUE;TRUE
P04818;0;0;1;TRUE;FALSE
P04899;0;1;1;FALSE;FALSE
P05023;1;1;1;FALSE;TRUE
P05198;1;1;1;TRUE;TRUE
P05386;0;1;0;FALSE;FALSE
P05387;0;1;0;FALSE;TRUE
P05388;1;1;1;TRUE;TRUE
P05455;1;1;1;TRUE;TRUE
P06733;1;1;1;TRUE;TRUE
P06737;0;1;1;FALSE;FALSE
P06744;1;0;1;FALSE;FALSE
P06748;1;1;1;TRUE;TRUE
P07195;1;1;1;FALSE;TRUE
P07203;0;1;0;FALSE;FALSE
P07237;1;1;1;TRUE;TRUE
P07355;0;1;1;TRUE;TRUE
P07384;0;1;1;FALSE;FALSE
P07437;1;1;1;FALSE;FALSE
P07737;0;1;0;TRUE;TRUE
P07814;1;1;1;TRUE;TRUE
P07900;1;1;1;TRUE;TRUE
P07910;1;1;1;TRUE;TRUE
P07947;0;0;1;FALSE;FALSE
P07954;0;1;0;FALSE;FALSE
P08133;1;0;1;FALSE;FALSE
P08243;1;1;1;FALSE;FALSE
P08621;1;1;1;TRUE;TRUE
P08708;1;1;1;TRUE;TRUE
P08754;0;1;1;FALSE;FALSE
P08865;1;1;1;TRUE;TRUE
P09001;1;0;0;TRUE;TRUE
P09012;1;0;0;TRUE;TRUE
P09132;0;1;0;TRUE;TRUE
P09382;0;1;1;TRUE;TRUE
P09429;1;1;1;TRUE;TRUE
P09496;0;0;1;FALSE;FALSE
P09497;0;1;0;FALSE;FALSE
P09622;0;1;0;FALSE;TRUE
P09651;1;1;1;TRUE;TRUE
P09874;1;1;1;TRUE;TRUE
P09884;1;0;0;FALSE;FALSE
P09960;1;1;1;TRUE;TRUE
P10155;1;1;0;TRUE;FALSE
P10412;1;0;1;TRUE;TRUE
P10515;1;0;1;FALSE;TRUE
P10809;1;1;1;TRUE;TRUE
P11021;1;1;1;FALSE;TRUE
P11142;1;1;1;TRUE;TRUE
P11177;0;1;0;FALSE;FALSE
P11216;1;1;1;FALSE;FALSE
P11387;1;1;1;TRUE;TRUE
P11388;1;0;1;TRUE;TRUE
P11413;1;1;1;FALSE;FALSE
P11498;0;1;0;FALSE;TRUE
P11586;1;1;1;FALSE;TRUE
P11766;0;0;1;FALSE;FALSE
P11802;1;0;0;FALSE;FALSE
P11940;1;1;1;TRUE;TRUE
P12004;1;1;1;FALSE;FALSE
P12268;1;1;1;TRUE;FALSE
P12270;1;1;1;TRUE;TRUE
P12429;0;1;0;FALSE;FALSE
P12532;0;1;0;FALSE;FALSE
P12814;1;1;1;TRUE;FALSE
P12955;0;0;1;FALSE;FALSE
P12956;1;1;1;TRUE;TRUE
P13010;1;1;1;TRUE;TRUE
P13489;1;1;1;FALSE;TRUE
P13639;1;1;1;TRUE;TRUE
P13667;1;1;1;TRUE;TRUE
P13693;0;1;1;TRUE;TRUE
P13796;1;0;0;FALSE;FALSE
P13797;1;1;0;FALSE;FALSE
P13798;1;1;1;TRUE;TRUE
P13804;0;1;0;FALSE;FALSE
P13807;1;0;0;FALSE;FALSE
P13861;1;1;0;FALSE;TRUE
P14174;1;0;0;FALSE;FALSE
P14209;0;1;0;FALSE;FALSE
P14324;0;1;0;TRUE;TRUE
P14373;1;0;0;FALSE;FALSE
P14618;1;1;1;TRUE;TRUE
P14735;1;1;0;FALSE;FALSE
P14866;1;1;1;TRUE;TRUE
P14868;1;1;1;TRUE;TRUE
P15170;1;0;1;TRUE;TRUE
P15311;1;1;1;TRUE;TRUE
P15531;0;1;0;TRUE;TRUE
P15880;1;1;1;TRUE;TRUE
P15924;1;1;0;TRUE;TRUE
P16403;1;0;1;TRUE;TRUE
P16615;1;1;1;FALSE;TRUE
P16989;1;1;1;TRUE;TRUE
P17096;0;1;0;FALSE;TRUE
P17174;0;1;1;FALSE;FALSE
P17480;1;1;1;TRUE;TRUE
P17655;0;1;1;FALSE;FALSE
P17812;1;0;1;FALSE;FALSE
P17844;1;1;1;TRUE;TRUE
P17931;0;1;0;TRUE;TRUE
P17980;0;1;1;FALSE;FALSE
P17987;1;1;1;TRUE;TRUE
P18124;1;1;1;TRUE;TRUE
P18206;1;1;1;FALSE;FALSE
P18583;1;1;1;TRUE;TRUE
P18615;1;0;0;TRUE;TRUE
P18621;1;1;1;TRUE;TRUE
P18669;1;1;1;FALSE;FALSE
P18754;1;0;0;FALSE;FALSE
P19174;1;0;1;FALSE;FALSE
P19338;1;1;1;TRUE;TRUE
P19367;0;1;1;FALSE;FALSE
P19525;1;1;0;TRUE;TRUE
P19623;1;0;1;FALSE;FALSE
P19838;0;0;1;FALSE;FALSE
P20042;1;1;0;TRUE;TRUE
P20290;1;1;1;TRUE;TRUE
P20585;1;0;0;FALSE;FALSE
P20700;1;1;1;FALSE;FALSE
P20810;0;1;0;TRUE;TRUE
P21127;1;0;0;TRUE;FALSE
P21281;0;0;1;FALSE;FALSE
P21291;0;1;1;TRUE;TRUE
P21333;1;1;1;TRUE;TRUE
P21359;1;0;1;FALSE;FALSE
P21399;0;0;1;TRUE;TRUE
P21796;1;1;0;FALSE;FALSE
P21980;0;0;1;FALSE;FALSE
P22059;1;0;0;FALSE;FALSE
P22061;1;1;0;FALSE;FALSE
P22087;1;1;1;TRUE;TRUE
P22102;1;1;1;FALSE;FALSE
P22234;1;1;1;FALSE;TRUE
P22314;1;1;1;TRUE;TRUE
P22570;0;0;1;FALSE;FALSE
P22626;1;1;1;TRUE;TRUE
P22681;1;0;1;FALSE;FALSE
P22695;1;0;0;FALSE;FALSE
P23193;1;0;0;FALSE;TRUE
P23246;1;1;1;TRUE;TRUE
P23381;0;1;0;FALSE;FALSE
P23396;1;1;1;TRUE;TRUE
P23497;0;1;0;FALSE;FALSE
P23508;1;0;0;FALSE;FALSE
P23526;1;1;1;FALSE;FALSE
P23528;1;1;1;FALSE;TRUE
P23588;1;1;1;TRUE;TRUE
P23743;0;1;0;FALSE;FALSE
P23921;1;0;1;FALSE;FALSE
P24534;0;1;0;TRUE;FALSE
P24666;1;0;0;FALSE;FALSE
P24752;1;1;1;FALSE;TRUE
P24928;1;1;1;TRUE;TRUE
P25054;1;0;1;FALSE;FALSE
P25205;1;0;1;FALSE;FALSE
P25325;0;1;0;FALSE;FALSE
P25398;1;1;1;TRUE;TRUE
P25440;1;1;1;FALSE;TRUE
P26038;1;1;1;TRUE;TRUE
P26196;1;1;1;TRUE;TRUE
P26358;1;1;1;TRUE;FALSE
P26368;1;1;1;TRUE;TRUE
P26373;1;1;1;TRUE;TRUE
P26583;1;1;1;TRUE;TRUE
P26599;1;1;1;TRUE;TRUE
P26639;1;1;1;TRUE;TRUE
P26640;1;1;1;FALSE;FALSE
P26641;1;1;1;TRUE;TRUE
P27348;1;1;1;FALSE;FALSE
P27635;1;1;1;TRUE;TRUE
P27694;1;0;1;FALSE;TRUE
P27695;1;1;1;TRUE;TRUE
P27708;1;1;1;FALSE;FALSE
P27816;1;1;1;TRUE;TRUE
P27824;1;1;1;TRUE;TRUE
P28290;1;1;1;FALSE;FALSE
P28331;1;1;0;FALSE;FALSE
P28340;1;0;1;FALSE;FALSE
P28482;1;1;1;FALSE;FALSE
P29034;0;1;0;FALSE;FALSE
P29144;1;0;1;FALSE;FALSE
P29353;0;1;1;FALSE;FALSE
P29372;1;0;0;FALSE;FALSE
P29401;1;1;1;FALSE;TRUE
P29558;1;1;1;TRUE;TRUE
P29590;1;1;1;FALSE;FALSE
P29692;1;1;1;TRUE;FALSE
P30041;0;1;0;FALSE;FALSE
P30044;0;1;0;FALSE;FALSE
P30050;1;1;1;TRUE;TRUE
P30086;1;1;1;TRUE;TRUE
P30101;1;1;1;TRUE;TRUE
P30153;1;1;1;FALSE;FALSE
P30154;1;0;1;FALSE;FALSE
P30414;1;1;0;FALSE;FALSE
P30419;1;1;1;FALSE;TRUE
P30520;1;1;0;FALSE;FALSE
P30566;1;0;1;FALSE;FALSE
P30876;1;1;1;TRUE;TRUE
P31040;1;1;0;FALSE;FALSE
P31153;1;1;0;FALSE;TRUE
P31483;1;1;1;TRUE;TRUE
P31689;1;1;1;FALSE;TRUE
P31930;1;1;1;FALSE;FALSE
P31939;1;1;1;FALSE;FALSE
P31942;1;1;1;TRUE;TRUE
P31943;1;1;1;TRUE;TRUE
P31946;1;0;1;FALSE;TRUE
P31947;0;1;1;FALSE;FALSE
P31948;1;1;1;TRUE;TRUE
P31949;0;1;0;FALSE;FALSE
P33176;1;1;1;FALSE;FALSE
P33240;1;1;1;TRUE;TRUE
P33316;1;0;0;TRUE;TRUE
P33981;1;0;0;FALSE;FALSE
P33991;1;0;1;FALSE;FALSE
P33992;1;0;1;FALSE;FALSE
P33993;1;0;1;FALSE;FALSE
P34897;0;1;1;FALSE;FALSE
P34932;1;1;1;FALSE;FALSE
P35080;1;0;1;FALSE;FALSE
P35221;1;1;1;TRUE;TRUE
P35232;0;0;1;FALSE;FALSE
P35237;0;1;0;FALSE;FALSE
P35241;1;0;1;TRUE;TRUE
P35268;1;1;1;TRUE;TRUE
P35269;1;1;0;TRUE;TRUE
P35573;1;0;1;FALSE;FALSE
P35579;1;1;1;TRUE;TRUE
P35580;1;1;1;TRUE;FALSE
P35606;1;1;1;FALSE;FALSE
P35610;0;0;1;FALSE;FALSE
P35611;1;0;0;TRUE;TRUE
P35637;1;1;1;TRUE;TRUE
P35658;1;0;1;FALSE;FALSE
P35659;1;1;1;TRUE;TRUE
P35998;1;1;1;FALSE;TRUE
P36578;1;1;1;TRUE;TRUE
P36776;1;0;1;TRUE;FALSE
P36873;1;1;0;TRUE;TRUE
P36915;1;1;1;FALSE;FALSE
P36957;0;1;0;FALSE;FALSE
P37802;1;1;1;FALSE;TRUE
P38159;1;1;1;TRUE;TRUE
P38432;1;1;1;FALSE;FALSE
P38606;1;0;1;FALSE;FALSE
P38646;1;1;1;TRUE;TRUE
P38919;1;1;1;TRUE;TRUE
P39019;1;1;1;TRUE;TRUE
P39023;1;1;1;TRUE;TRUE
P39656;0;0;1;FALSE;FALSE
P39687;1;1;1;TRUE;TRUE
P40121;0;1;0;FALSE;FALSE
P40222;1;1;1;FALSE;FALSE
P40227;1;1;1;TRUE;TRUE
P40429;1;1;1;TRUE;TRUE
P40818;0;1;0;FALSE;FALSE
P40925;0;1;0;FALSE;TRUE
P40939;1;1;1;FALSE;FALSE
P41091;1;1;0;TRUE;FALSE
P41214;1;1;1;TRUE;TRUE
P41227;1;0;0;FALSE;FALSE
P41229;1;0;0;FALSE;FALSE
P41240;1;0;0;FALSE;FALSE
P41250;1;1;1;FALSE;FALSE
P41252;1;1;1;TRUE;FALSE
P41743;0;0;1;FALSE;FALSE
P42166;1;0;0;FALSE;TRUE
P42167;1;1;0;FALSE;TRUE
P42224;1;1;1;FALSE;FALSE
P42226;0;1;1;FALSE;FALSE
P42285;1;1;1;TRUE;TRUE
P42345;1;0;1;FALSE;FALSE
P42356;1;0;1;FALSE;FALSE
P42566;0;1;1;FALSE;FALSE
P42694;1;0;1;TRUE;TRUE
P42695;1;0;1;FALSE;FALSE
P42696;1;1;1;TRUE;TRUE
P42704;1;1;1;TRUE;TRUE
P42765;0;1;0;TRUE;TRUE
P42766;1;1;1;TRUE;TRUE
P42858;1;0;1;FALSE;FALSE
P43246;1;0;1;FALSE;FALSE
P43304;0;1;1;FALSE;FALSE
P43487;1;1;1;FALSE;FALSE
P43686;0;0;1;FALSE;FALSE
P45880;1;1;1;FALSE;FALSE
P45973;1;0;0;FALSE;FALSE
P45974;1;1;1;FALSE;FALSE
P46013;1;1;1;TRUE;TRUE
P46060;1;1;1;TRUE;FALSE
P46087;1;1;1;TRUE;TRUE
P46100;1;1;0;FALSE;FALSE
P46109;1;1;1;TRUE;TRUE
P46379;1;0;1;FALSE;FALSE
P46459;1;0;1;FALSE;TRUE
P46776;1;1;1;TRUE;TRUE
P46777;1;1;1;TRUE;TRUE
P46778;1;1;1;TRUE;TRUE
P46779;1;0;1;TRUE;TRUE
P46781;1;1;1;TRUE;TRUE
P46782;1;1;1;TRUE;TRUE
P46783;1;1;1;TRUE;TRUE
P46821;1;0;0;FALSE;TRUE
P46939;1;1;1;FALSE;FALSE
P46940;1;1;1;FALSE;FALSE
P47756;1;1;1;FALSE;FALSE
P47813;1;0;0;TRUE;TRUE
P47897;1;1;1;FALSE;FALSE
P47914;1;1;1;TRUE;TRUE
P48059;0;1;1;FALSE;FALSE
P48147;0;1;0;FALSE;FALSE
P48444;1;1;1;TRUE;TRUE
P48449;0;0;1;FALSE;FALSE
P48506;0;1;0;FALSE;FALSE
P48634;1;1;1;TRUE;TRUE
P48643;1;1;1;TRUE;FALSE
P48729;0;1;0;FALSE;FALSE
P49006;1;0;0;FALSE;FALSE
P49023;0;1;1;FALSE;FALSE
P49189;1;1;1;FALSE;FALSE
P49207;1;1;1;TRUE;FALSE
P49257;0;1;1;FALSE;FALSE
P49321;1;1;1;FALSE;FALSE
P49327;1;1;1;TRUE;TRUE
P49368;1;1;1;TRUE;TRUE
P49411;1;1;1;TRUE;TRUE
P49419;1;0;0;FALSE;TRUE
P49458;1;0;0;TRUE;FALSE
P49588;1;1;1;TRUE;TRUE
P49589;1;1;1;TRUE;FALSE
P49591;1;1;1;TRUE;TRUE
P49736;1;0;1;FALSE;FALSE
P49748;0;1;0;FALSE;FALSE
P49750;1;1;1;TRUE;TRUE
P49756;1;1;1;TRUE;TRUE
P49757;0;0;1;FALSE;FALSE
P49792;1;1;1;TRUE;TRUE
P49815;1;0;1;FALSE;FALSE
P49841;0;1;0;FALSE;FALSE
P49915;1;1;1;FALSE;FALSE
P49916;1;0;0;FALSE;FALSE
P49959;1;0;0;FALSE;FALSE
P50395;0;1;1;TRUE;TRUE
P50402;0;1;1;FALSE;FALSE
P50479;0;1;1;FALSE;FALSE
P50552;0;1;1;FALSE;FALSE
P50748;1;0;1;FALSE;FALSE
P50750;1;1;1;TRUE;FALSE
P50851;1;1;1;FALSE;FALSE
P50914;1;1;1;TRUE;TRUE
P50990;1;1;1;FALSE;FALSE
P50991;1;1;1;TRUE;TRUE
P50995;1;1;1;TRUE;TRUE
P51114;1;1;1;TRUE;TRUE
P51116;1;1;1;TRUE;TRUE
P51148;0;1;0;FALSE;FALSE
P51531;0;1;0;FALSE;FALSE
P51532;1;0;1;FALSE;FALSE
P51610;1;1;1;FALSE;FALSE
P51659;1;0;0;FALSE;FALSE
P51665;1;1;0;FALSE;FALSE
P51812;1;0;0;FALSE;FALSE
P51858;1;1;0;TRUE;TRUE
P51991;1;1;1;TRUE;TRUE
P52209;1;1;1;FALSE;FALSE
P52272;1;1;1;TRUE;TRUE
P52292;1;1;1;TRUE;TRUE
P52294;1;0;1;FALSE;FALSE
P52565;1;1;0;FALSE;FALSE
P52597;1;1;1;TRUE;TRUE
P52701;1;0;1;FALSE;FALSE
P52732;1;0;1;FALSE;FALSE
P52789;0;1;1;FALSE;FALSE
P52888;1;1;0;FALSE;FALSE
P52907;0;1;0;FALSE;FALSE
P52948;1;1;1;TRUE;FALSE
P53041;1;1;0;TRUE;FALSE
P53350;1;0;0;FALSE;FALSE
P53396;1;1;1;FALSE;FALSE
P53582;1;0;1;FALSE;FALSE
P53618;1;1;1;FALSE;TRUE
P53621;1;1;1;FALSE;FALSE
P53985;1;1;0;FALSE;FALSE
P53992;1;1;1;FALSE;FALSE
P53999;1;1;1;TRUE;TRUE
P54098;0;0;1;FALSE;FALSE
P54132;1;0;0;FALSE;FALSE
P54136;1;1;1;TRUE;FALSE
P54577;1;1;1;TRUE;TRUE
P54578;0;1;0;FALSE;FALSE
P54886;1;1;1;TRUE;TRUE
P55010;1;0;0;TRUE;TRUE
P55011;1;1;1;FALSE;FALSE
P55036;0;1;0;TRUE;TRUE
P55060;1;1;1;FALSE;TRUE
P55072;1;1;1;TRUE;TRUE
P55081;1;1;1;TRUE;TRUE
P55084;0;1;1;TRUE;TRUE
P55145;0;0;1;TRUE;TRUE
P55196;1;1;1;FALSE;TRUE
P55199;1;0;0;FALSE;FALSE
P55209;1;1;1;TRUE;TRUE
P55265;1;1;1;TRUE;TRUE
P55735;0;1;0;FALSE;FALSE
P55786;1;1;1;FALSE;FALSE
P55795;1;1;1;TRUE;TRUE
P55854;1;0;1;FALSE;FALSE
P55884;1;1;1;TRUE;TRUE
P56182;1;1;1;TRUE;TRUE
P56192;1;1;1;TRUE;FALSE
P56537;0;1;0;TRUE;FALSE
P57678;1;0;1;FALSE;FALSE
P57721;1;0;1;TRUE;TRUE
P57737;1;0;1;FALSE;FALSE
P57740;1;0;1;FALSE;FALSE
P58107;1;1;0;TRUE;TRUE
P60174;1;1;1;FALSE;FALSE
P60228;1;1;1;TRUE;TRUE
P60468;0;1;0;TRUE;TRUE
P60660;1;1;1;FALSE;FALSE
P60842;1;1;1;TRUE;TRUE
P60866;1;1;1;TRUE;TRUE
P60903;0;1;0;FALSE;FALSE
P60981;0;1;0;FALSE;FALSE
P61026;0;1;0;FALSE;FALSE
P61081;1;0;0;FALSE;TRUE
P61106;0;1;0;FALSE;FALSE
P61158;0;1;1;FALSE;FALSE
P61221;1;1;1;FALSE;TRUE
P61247;1;1;1;TRUE;TRUE
P61254;1;1;1;TRUE;TRUE
P61313;1;1;1;TRUE;TRUE
P61353;1;1;1;TRUE;TRUE
P61956;1;1;1;TRUE;TRUE
P61964;0;1;0;FALSE;FALSE
P61978;1;1;1;TRUE;TRUE
P61981;0;1;0;TRUE;TRUE
P62070;0;1;0;FALSE;FALSE
P62081;1;1;1;TRUE;TRUE
P62136;1;0;1;FALSE;FALSE
P62140;0;1;1;FALSE;FALSE
P62191;1;1;0;TRUE;TRUE
P62195;0;1;0;FALSE;FALSE
P62241;1;1;1;TRUE;TRUE
P62244;0;0;1;TRUE;TRUE
P62249;1;0;1;TRUE;TRUE
P62258;1;1;0;TRUE;TRUE
P62263;1;1;1;TRUE;TRUE
P62266;1;0;1;TRUE;TRUE
P62269;1;1;1;TRUE;TRUE
P62277;1;1;1;TRUE;TRUE
P62280;1;1;1;TRUE;TRUE
P62333;0;0;1;FALSE;FALSE
P62424;1;1;1;TRUE;TRUE
P62495;1;0;0;TRUE;TRUE
P62633;1;1;1;TRUE;TRUE
P62701;1;1;1;TRUE;TRUE
P62750;1;1;1;TRUE;TRUE
P62753;1;1;1;TRUE;TRUE
P62805;1;1;1;TRUE;TRUE
P62826;1;1;1;TRUE;TRUE
P62829;1;1;1;TRUE;TRUE
P62841;1;1;1;TRUE;TRUE
P62847;1;1;1;TRUE;TRUE
P62851;1;1;1;TRUE;TRUE
P62854;0;1;0;TRUE;TRUE
P62857;1;1;0;TRUE;TRUE
P62861;1;1;1;TRUE;TRUE
P62873;0;1;0;FALSE;FALSE
P62888;1;0;1;TRUE;TRUE
P62899;1;1;1;TRUE;TRUE
P62906;1;0;1;TRUE;TRUE
P62910;1;1;1;TRUE;TRUE
P62913;1;1;1;TRUE;TRUE
P62917;1;1;1;TRUE;TRUE
P62993;1;0;1;TRUE;TRUE
P62995;1;1;1;TRUE;TRUE
P63010;1;0;1;FALSE;FALSE
P63104;1;1;1;TRUE;TRUE
P63151;1;1;0;FALSE;FALSE
P63167;1;1;0;FALSE;FALSE
P63208;0;1;0;FALSE;FALSE
P63244;1;1;1;TRUE;TRUE
P67809;1;1;1;TRUE;TRUE
P68366;0;1;0;FALSE;FALSE
P68371;1;1;1;TRUE;FALSE
P68402;0;1;0;FALSE;FALSE
P78316;1;0;1;TRUE;TRUE
P78332;1;1;1;TRUE;TRUE
P78344;1;1;1;TRUE;TRUE
P78346;0;1;0;TRUE;TRUE
P78347;1;1;0;FALSE;FALSE
P78371;1;1;1;FALSE;TRUE
P78406;0;0;1;TRUE;FALSE
P78417;0;1;0;FALSE;FALSE
P78527;1;1;1;TRUE;TRUE
P80723;0;1;0;FALSE;TRUE
P82675;1;0;1;TRUE;TRUE
P82933;0;0;1;TRUE;TRUE
P82970;1;1;0;TRUE;TRUE
P83731;1;1;1;TRUE;TRUE
P84090;1;1;1;TRUE;TRUE
P84098;1;1;1;TRUE;TRUE
P84103;1;1;1;TRUE;TRUE
P98175;1;1;1;TRUE;TRUE
P98179;1;1;1;TRUE;TRUE
Q00325;0;1;0;FALSE;FALSE
Q00341;1;1;1;TRUE;TRUE
Q00535;1;0;0;FALSE;FALSE
Q00577;1;1;1;TRUE;TRUE
Q00610;1;1;1;TRUE;TRUE
Q00653;0;0;1;FALSE;FALSE
Q00688;1;0;0;TRUE;TRUE
Q00839;1;1;1;TRUE;TRUE
Q01081;1;1;1;TRUE;TRUE
Q01085;1;1;1;TRUE;TRUE
Q01105;1;1;1;FALSE;FALSE
Q01130;1;1;1;TRUE;TRUE
Q01433;1;0;1;FALSE;FALSE
Q01469;0;1;1;FALSE;FALSE
Q01518;1;1;0;FALSE;FALSE
Q01581;0;0;1;FALSE;FALSE
Q01780;1;1;1;TRUE;TRUE
Q01804;1;1;1;TRUE;TRUE
Q01844;1;1;1;TRUE;TRUE
Q01968;1;0;0;FALSE;FALSE
Q01970;0;1;1;FALSE;FALSE
Q02040;1;1;0;TRUE;TRUE
Q02218;0;1;1;FALSE;FALSE
Q02224;1;0;1;FALSE;FALSE
Q02241;1;1;1;FALSE;FALSE
Q02543;1;1;1;TRUE;TRUE
Q02750;0;1;0;FALSE;FALSE
Q02790;1;1;1;TRUE;TRUE
Q02878;1;1;1;TRUE;TRUE
Q02880;1;0;1;FALSE;FALSE
Q02952;1;0;0;FALSE;FALSE
Q03001;1;1;1;FALSE;TRUE
Q03164;1;1;0;FALSE;FALSE
Q03252;1;1;1;FALSE;FALSE
Q03701;1;1;1;TRUE;TRUE
Q04446;0;1;0;FALSE;FALSE
Q04637;1;1;1;TRUE;TRUE
Q04726;1;0;0;FALSE;FALSE
Q04760;1;0;0;FALSE;FALSE
Q05048;1;0;0;TRUE;TRUE
Q05086;0;1;0;FALSE;FALSE
Q05209;0;1;1;FALSE;TRUE
Q05397;0;0;1;FALSE;FALSE
Q05519;1;1;1;TRUE;TRUE
Q05682;1;1;1;FALSE;TRUE
Q06124;1;0;0;FALSE;FALSE
Q06203;1;0;0;FALSE;FALSE
Q06210;1;1;1;FALSE;FALSE
Q06787;1;1;0;TRUE;TRUE
Q07020;1;1;1;TRUE;TRUE
Q07021;0;1;0;TRUE;FALSE
Q07065;1;1;1;TRUE;TRUE
Q07157;1;1;1;FALSE;FALSE
Q07666;1;1;1;TRUE;TRUE
Q07864;1;0;1;FALSE;FALSE
Q07866;0;1;0;FALSE;FALSE
Q07955;1;1;1;TRUE;TRUE
Q08170;1;1;1;TRUE;TRUE
Q08211;1;1;1;TRUE;TRUE
Q08378;1;1;1;FALSE;FALSE
Q08379;1;1;1;FALSE;FALSE
Q08752;0;1;0;FALSE;TRUE
Q08945;1;1;1;TRUE;TRUE
Q08AD1;0;1;0;FALSE;FALSE
Q08J23;1;1;1;TRUE;TRUE
Q09028;1;1;1;FALSE;FALSE
Q09161;1;0;0;TRUE;TRUE
Q09666;1;1;1;TRUE;TRUE
Q10471;0;0;1;FALSE;FALSE
Q10567;1;0;1;FALSE;FALSE
Q10570;1;0;1;TRUE;FALSE
Q12765;0;0;1;FALSE;FALSE
Q12768;0;0;1;FALSE;FALSE
Q12769;1;0;1;FALSE;FALSE
Q12788;1;1;1;TRUE;TRUE
Q12789;1;1;1;FALSE;FALSE
Q12792;0;1;0;FALSE;FALSE
Q12802;1;1;1;FALSE;FALSE
Q12830;1;0;0;FALSE;FALSE
Q12834;0;0;1;FALSE;TRUE
Q12849;1;1;1;TRUE;TRUE
Q12872;1;0;0;TRUE;FALSE
Q12888;1;1;1;FALSE;FALSE
Q12899;1;0;0;FALSE;FALSE
Q12904;1;1;1;TRUE;TRUE
Q12905;1;1;1;TRUE;TRUE
Q12906;1;1;1;TRUE;TRUE
Q12923;1;0;1;FALSE;FALSE
Q12926;1;0;1;TRUE;TRUE
Q12931;1;0;1;TRUE;TRUE
Q12955;1;0;0;FALSE;TRUE
Q12959;0;1;0;FALSE;FALSE
Q12986;0;0;1;TRUE;TRUE
Q13045;1;1;1;FALSE;FALSE
Q13084;1;1;1;TRUE;TRUE
Q13085;1;1;1;FALSE;FALSE
Q13111;1;0;0;FALSE;FALSE
Q13123;1;1;1;FALSE;FALSE
Q13131;1;0;1;FALSE;FALSE
Q13136;1;1;1;FALSE;FALSE
Q13148;1;1;1;TRUE;TRUE
Q13151;1;1;1;TRUE;TRUE
Q13155;1;1;1;FALSE;FALSE
Q13177;1;1;0;FALSE;FALSE
Q13185;1;1;1;FALSE;FALSE
Q13200;1;1;1;FALSE;FALSE
Q13206;1;0;1;TRUE;TRUE
Q13242;1;1;1;TRUE;TRUE
Q13243;1;1;1;TRUE;TRUE
Q13247;1;1;1;TRUE;TRUE
Q13263;1;1;1;TRUE;TRUE
Q13283;1;1;1;TRUE;TRUE
Q13310;1;1;1;TRUE;TRUE
Q13315;1;0;1;FALSE;FALSE
Q13347;1;0;0;TRUE;TRUE
Q13395;1;0;0;TRUE;FALSE
Q13409;1;1;1;FALSE;TRUE
Q13418;0;0;1;FALSE;FALSE
Q13423;0;0;1;FALSE;FALSE
Q13425;1;0;0;TRUE;TRUE
Q13427;1;1;1;TRUE;TRUE
Q13428;1;1;1;TRUE;TRUE
Q13435;1;1;1;TRUE;TRUE
Q13442;0;1;0;TRUE;TRUE
Q13451;0;1;0;FALSE;FALSE
Q13459;0;0;1;FALSE;FALSE
Q13464;1;1;0;FALSE;FALSE
Q13472;1;0;0;FALSE;FALSE
Q13492;0;0;1;FALSE;FALSE
Q13501;1;1;1;FALSE;FALSE
Q13523;1;1;1;TRUE;TRUE
Q13526;1;0;0;FALSE;FALSE
Q13535;1;0;1;FALSE;FALSE
Q13541;0;1;0;FALSE;FALSE
Q13547;1;0;0;FALSE;FALSE
Q13573;1;1;1;TRUE;TRUE
Q13595;1;1;1;TRUE;TRUE
Q13601;0;1;0;TRUE;TRUE
Q13620;1;0;0;FALSE;FALSE
Q13625;1;0;1;FALSE;FALSE
Q13642;1;0;0;FALSE;FALSE
Q13643;0;0;1;FALSE;FALSE
Q13813;1;1;1;FALSE;TRUE
Q13823;1;1;1;TRUE;TRUE
Q13838;1;0;1;TRUE;TRUE
Q13885;1;0;0;FALSE;FALSE
Q13895;1;1;1;TRUE;TRUE
Q14008;1;1;1;FALSE;FALSE
Q14011;1;1;1;TRUE;TRUE
Q14103;1;1;1;TRUE;TRUE
Q14137;1;1;1;TRUE;TRUE
Q14146;0;0;1;FALSE;TRUE
Q14151;1;1;1;TRUE;TRUE
Q14152;1;1;1;TRUE;TRUE
Q14157;1;1;1;TRUE;TRUE
Q14160;1;1;1;FALSE;FALSE
Q14166;1;1;1;FALSE;FALSE
Q14192;0;1;1;FALSE;FALSE
Q14195;1;0;1;FALSE;FALSE
Q14202;1;0;1;FALSE;FALSE
Q14203;1;1;1;FALSE;FALSE
Q14204;1;1;1;TRUE;TRUE
Q14241;1;1;0;FALSE;TRUE
Q14247;1;1;1;FALSE;TRUE
Q14258;1;1;1;TRUE;TRUE
Q14318;1;0;0;FALSE;FALSE
Q14444;1;1;1;TRUE;TRUE
Q14498;1;1;1;TRUE;TRUE
Q14562;1;0;1;TRUE;TRUE
Q14566;1;0;1;FALSE;FALSE
Q14571;1;0;0;FALSE;FALSE
Q14573;1;1;1;FALSE;FALSE
Q14669;1;1;1;FALSE;FALSE
Q14671;1;1;1;TRUE;TRUE
Q14674;0;0;1;FALSE;FALSE
Q14676;1;1;1;FALSE;FALSE
Q14677;1;1;1;FALSE;FALSE
Q14683;1;1;0;TRUE;TRUE
Q14684;1;1;1;TRUE;TRUE
Q14690;1;1;1;TRUE;TRUE
Q14692;1;1;1;TRUE;TRUE
Q14694;1;1;1;TRUE;TRUE
Q14739;1;0;1;TRUE;TRUE
Q14789;1;1;1;TRUE;TRUE
Q14839;1;1;1;FALSE;FALSE
Q14847;1;1;1;FALSE;TRUE
Q14966;1;1;1;TRUE;TRUE
Q14974;1;1;1;TRUE;TRUE
Q14978;1;1;1;TRUE;TRUE
Q14997;1;0;1;FALSE;FALSE
Q14BN4;0;1;1;FALSE;FALSE
Q14C86;1;1;1;FALSE;FALSE
Q14CX7;1;0;0;FALSE;FALSE
Q15003;1;1;1;FALSE;FALSE
Q15008;1;1;1;FALSE;FALSE
Q15019;0;1;0;FALSE;FALSE
Q15020;1;1;1;TRUE;TRUE
Q15021;1;0;1;FALSE;FALSE
Q15022;1;0;0;TRUE;FALSE
Q15029;1;1;1;TRUE;TRUE
Q15032;1;0;1;TRUE;TRUE
Q15042;1;1;1;FALSE;FALSE
Q15046;1;1;1;TRUE;FALSE
Q15047;1;0;0;FALSE;FALSE
Q15050;1;1;1;TRUE;TRUE
Q15056;1;1;1;TRUE;TRUE
Q15058;1;1;1;FALSE;FALSE
Q15059;1;1;0;FALSE;FALSE
Q15061;1;1;1;TRUE;TRUE
Q15075;1;1;0;FALSE;FALSE
Q15084;1;1;1;FALSE;FALSE
Q15102;1;0;0;FALSE;TRUE
Q15149;1;1;1;TRUE;TRUE
Q15154;1;1;1;FALSE;FALSE
Q15181;1;1;0;FALSE;FALSE
Q15185;0;1;0;FALSE;FALSE
Q15233;1;1;1;TRUE;TRUE
Q15269;1;1;1;TRUE;TRUE
Q15287;1;1;1;TRUE;TRUE
Q15334;1;0;1;FALSE;FALSE
Q15365;1;1;1;TRUE;TRUE
Q15366;1;1;1;TRUE;TRUE
Q15393;1;1;1;TRUE;FALSE
Q15397;1;0;0;TRUE;TRUE
Q15398;0;0;1;FALSE;FALSE
Q15417;1;0;1;FALSE;TRUE
Q15424;1;1;1;TRUE;TRUE
Q15427;1;1;1;TRUE;TRUE
Q15434;1;1;1;TRUE;TRUE
Q15436;1;1;1;FALSE;FALSE
Q15437;1;1;1;FALSE;FALSE
Q15459;1;1;1;TRUE;TRUE
Q15477;1;0;1;TRUE;FALSE
Q15631;0;1;0;TRUE;FALSE
Q15633;1;0;0;TRUE;FALSE
Q15637;1;1;1;TRUE;TRUE
Q15643;0;0;1;FALSE;FALSE
Q15645;1;0;0;FALSE;FALSE
Q15654;1;1;1;TRUE;TRUE
Q15691;1;1;0;TRUE;TRUE
Q15717;1;1;1;TRUE;TRUE
Q15751;1;0;1;FALSE;FALSE
Q15785;0;0;1;FALSE;FALSE
Q15942;1;1;1;TRUE;TRUE
Q16181;0;1;0;FALSE;TRUE
Q16186;0;1;0;FALSE;FALSE
Q16401;0;1;0;FALSE;FALSE
Q16513;1;0;1;TRUE;TRUE
Q16527;1;0;1;FALSE;FALSE
Q16531;1;1;1;FALSE;FALSE
Q16543;1;1;1;FALSE;FALSE
Q16555;1;1;1;FALSE;FALSE
Q16576;1;1;1;TRUE;FALSE
Q16625;0;1;0;FALSE;FALSE
Q16629;1;1;1;TRUE;TRUE
Q16630;1;1;1;TRUE;TRUE
Q16637;1;1;1;TRUE;FALSE
Q16643;1;1;1;FALSE;FALSE
Q16658;1;1;1;TRUE;TRUE
Q16666;0;1;0;TRUE;TRUE
Q16822;0;1;0;FALSE;FALSE
Q16881;0;1;1;FALSE;FALSE
Q16891;1;1;1;TRUE;TRUE
Q1ED39;1;0;0;TRUE;TRUE
Q1KMD3;1;1;1;TRUE;TRUE
Q27J81;0;1;1;FALSE;FALSE
Q29RF7;1;1;1;FALSE;TRUE
Q2M2I8;0;0;1;FALSE;FALSE
Q2NL82;1;1;1;TRUE;TRUE
Q2TAY7;1;1;1;FALSE;FALSE
Q32MZ4;1;1;1;TRUE;FALSE
Q3KQU3;0;1;0;FALSE;FALSE
Q3SY69;0;1;0;FALSE;FALSE
Q460N5;0;0;1;FALSE;FALSE
Q49A88;1;0;1;FALSE;FALSE
Q4G0J3;1;1;1;TRUE;TRUE
Q4V328;1;0;0;FALSE;FALSE
Q52LJ0;1;1;0;TRUE;TRUE
Q52LW3;0;0;1;FALSE;FALSE
Q53EL6;1;1;0;TRUE;FALSE
Q53EP0;0;0;1;TRUE;TRUE
Q53EZ4;1;0;1;FALSE;FALSE
Q53LP3;0;1;0;FALSE;FALSE
Q562E7;0;0;1;FALSE;FALSE
Q5BJF6;1;1;0;FALSE;FALSE
Q5BKZ1;1;1;1;TRUE;TRUE
Q5C9Z4;1;0;0;TRUE;TRUE
Q5H9R7;1;0;1;FALSE;FALSE
Q5JRX3;1;1;1;FALSE;FALSE
Q5JSZ5;1;1;1;TRUE;TRUE
Q5JTH9;1;1;1;TRUE;TRUE
Q5JTZ9;1;0;0;TRUE;FALSE
Q5M775;1;0;0;FALSE;FALSE
Q5QJE6;1;1;1;TRUE;TRUE
Q5SRE5;1;0;1;FALSE;FALSE
Q5SSJ5;0;1;0;FALSE;FALSE
Q5ST30;0;0;1;FALSE;FALSE
Q5SW79;1;1;1;FALSE;FALSE
Q5SY16;1;1;1;TRUE;FALSE
Q5SYE7;0;1;0;FALSE;FALSE
Q5T200;1;1;0;TRUE;TRUE
Q5T3I0;1;1;1;TRUE;TRUE
Q5T447;1;0;0;FALSE;FALSE
Q5T4S7;1;1;1;FALSE;FALSE
Q5T5U3;0;1;0;FALSE;FALSE
Q5T653;1;0;0;TRUE;TRUE
Q5T6F2;1;1;1;TRUE;TRUE
Q5T8P6;1;1;1;TRUE;TRUE
Q5T9A4;1;0;1;FALSE;FALSE
Q5TAX3;1;0;0;TRUE;TRUE
Q5UIP0;1;1;1;FALSE;FALSE
Q5VT06;1;1;1;FALSE;FALSE
Q5VT25;1;0;0;FALSE;FALSE
Q5VT52;1;1;0;FALSE;TRUE
Q5VTL8;1;1;0;TRUE;TRUE
Q5VTR2;1;0;0;TRUE;FALSE
Q5VUA4;1;1;1;FALSE;FALSE
Q5VW36;0;0;1;FALSE;FALSE
Q5VWN6;1;0;0;FALSE;FALSE
Q5VYK3;1;0;1;FALSE;FALSE
Q5VZL5;1;0;0;FALSE;FALSE
Q5W0B1;1;0;0;FALSE;FALSE
Q63HN8;1;1;1;FALSE;FALSE
Q63ZY3;0;0;1;FALSE;FALSE
Q658Y4;0;0;1;FALSE;FALSE
Q66K74;1;0;1;FALSE;FALSE
Q66PJ3;1;1;0;TRUE;TRUE
Q68CZ2;0;0;1;FALSE;FALSE
Q68DQ2;0;0;1;FALSE;FALSE
Q68E01;1;0;1;FALSE;FALSE
Q69YN4;0;0;1;TRUE;TRUE
Q69YQ0;0;1;1;FALSE;FALSE
Q6AI08;0;0;1;TRUE;TRUE
Q6DD88;0;1;0;FALSE;FALSE
Q6DKI1;1;0;1;TRUE;TRUE
Q6IQ32;0;0;1;FALSE;FALSE
Q6IQ49;0;1;0;FALSE;FALSE
Q6KC79;1;1;0;FALSE;FALSE
Q6L8Q7;1;0;0;FALSE;FALSE
Q6NYC1;1;1;0;TRUE;FALSE
Q6NYC8;0;1;1;FALSE;FALSE
Q6NZI2;0;1;0;TRUE;TRUE
Q6NZY4;1;1;1;TRUE;TRUE
Q6P158;1;0;1;TRUE;TRUE
Q6P1J9;1;0;0;FALSE;FALSE
Q6P1N0;1;0;0;FALSE;FALSE
Q6P2E9;1;1;1;FALSE;TRUE
Q6P2H3;1;0;1;FALSE;FALSE
Q6P2Q9;1;1;1;TRUE;TRUE
Q6P5R6;0;1;1;TRUE;TRUE
Q6P6C2;1;0;0;TRUE;TRUE
Q6P9B6;0;1;0;FALSE;FALSE
Q6PD62;1;1;1;FALSE;FALSE
Q6PGP7;1;0;1;FALSE;FALSE
Q6PJG2;0;0;1;FALSE;FALSE
Q6PJG6;1;1;1;FALSE;FALSE
Q6PJT7;1;1;1;TRUE;TRUE
Q6PK04;1;1;1;TRUE;TRUE
Q6PKG0;1;1;1;TRUE;TRUE
Q6PL18;1;0;1;FALSE;FALSE
Q6R327;0;0;1;FALSE;FALSE
Q6UB35;1;0;1;FALSE;FALSE
Q6UN15;1;1;1;TRUE;TRUE
Q6VMQ6;1;1;0;FALSE;FALSE
Q6WCQ1;1;1;1;FALSE;FALSE
Q6XZF7;0;0;1;FALSE;FALSE
Q6Y7W6;1;1;1;TRUE;TRUE
Q6YHU6;0;0;1;FALSE;FALSE
Q6ZNB6;1;1;0;FALSE;FALSE
Q6ZNJ1;0;0;1;FALSE;FALSE
Q6ZRS2;1;0;1;FALSE;FALSE
Q6ZRV2;0;1;1;FALSE;FALSE
Q6ZS17;0;0;1;FALSE;FALSE
Q6ZSR9;0;0;1;FALSE;FALSE
Q6ZT12;0;0;1;FALSE;FALSE
Q6ZU80;1;0;1;FALSE;FALSE
Q6ZWJ1;1;0;0;FALSE;FALSE
Q709C8;1;0;1;FALSE;FALSE
Q70CQ2;1;0;0;FALSE;FALSE
Q71RC2;1;1;1;TRUE;TRUE
Q76FK4;1;0;1;TRUE;TRUE
Q7KZ85;1;1;1;TRUE;TRUE
Q7KZF4;1;1;1;TRUE;TRUE
Q7L014;1;1;1;TRUE;TRUE
Q7L0Y3;1;1;1;TRUE;TRUE
Q7L2E3;1;1;1;TRUE;TRUE
Q7L2J0;1;1;1;TRUE;TRUE
Q7L4I2;1;1;0;TRUE;TRUE
Q7L576;1;1;1;TRUE;FALSE
Q7LBC6;1;1;1;FALSE;FALSE
Q7RTV0;1;0;0;TRUE;TRUE
Q7Z2T5;1;1;0;TRUE;TRUE
Q7Z2W4;1;1;1;TRUE;TRUE
Q7Z3K3;1;0;1;FALSE;FALSE
Q7Z3U7;1;0;1;FALSE;FALSE
Q7Z406;1;0;1;FALSE;TRUE
Q7Z417;1;1;1;TRUE;TRUE
Q7Z434;0;1;0;FALSE;FALSE
Q7Z460;1;0;1;FALSE;FALSE
Q7Z478;1;0;1;TRUE;TRUE
Q7Z4H7;1;0;0;FALSE;FALSE
Q7Z4Q2;1;0;0;FALSE;FALSE
Q7Z4V5;1;1;1;FALSE;FALSE
Q7Z5K2;1;0;0;FALSE;FALSE
Q7Z5L9;1;1;1;FALSE;FALSE
Q7Z6E9;1;1;1;TRUE;TRUE
Q7Z6Z7;1;1;1;TRUE;TRUE
Q7Z739;1;1;1;TRUE;TRUE
Q86SQ0;0;0;1;FALSE;FALSE
Q86TB9;1;1;1;TRUE;TRUE
Q86U38;1;0;0;TRUE;TRUE
Q86U42;1;1;1;TRUE;TRUE
Q86UE4;1;1;1;TRUE;TRUE
Q86UK7;1;1;1;TRUE;TRUE
Q86UU0;0;0;1;FALSE;FALSE
Q86UU1;0;1;1;FALSE;FALSE
Q86V48;1;1;1;FALSE;FALSE
Q86V81;1;1;1;TRUE;TRUE
Q86VI3;0;0;1;FALSE;FALSE
Q86VM9;1;1;1;TRUE;TRUE
Q86VP6;1;1;1;FALSE;TRUE
Q86W92;0;0;1;FALSE;FALSE
Q86X10;0;0;1;FALSE;FALSE
Q86X55;1;1;0;FALSE;FALSE
Q86XI2;1;0;1;FALSE;FALSE
Q86XL3;1;0;0;FALSE;FALSE
Q86XP3;1;1;1;TRUE;TRUE
Q86XZ4;0;1;1;TRUE;TRUE
Q86Y56;1;1;1;FALSE;FALSE
Q86Y91;0;0;1;FALSE;FALSE
Q86YP4;1;0;0;FALSE;FALSE
Q86YT6;1;1;0;FALSE;FALSE
Q8IU81;1;0;0;FALSE;FALSE
Q8IUD2;0;0;1;FALSE;FALSE
Q8IUH3;1;0;1;TRUE;TRUE
Q8IVF2;0;1;1;FALSE;FALSE
Q8IW35;0;0;1;FALSE;FALSE
Q8IWA0;1;1;1;TRUE;TRUE
Q8IWC1;0;1;1;FALSE;FALSE
Q8IWI9;1;0;1;FALSE;FALSE
Q8IWJ2;1;0;1;FALSE;FALSE
Q8IWR0;1;1;1;TRUE;TRUE
Q8IWS0;1;0;0;TRUE;TRUE
Q8IWV8;0;0;1;FALSE;FALSE
Q8IWX8;1;1;1;TRUE;TRUE
Q8IWZ3;1;1;1;TRUE;TRUE
Q8IWZ8;1;0;0;TRUE;TRUE
Q8IX01;1;1;1;TRUE;TRUE
Q8IX12;1;1;1;TRUE;TRUE
Q8IXI1;0;0;1;FALSE;FALSE
Q8IXM3;1;0;0;TRUE;TRUE
Q8IXT5;1;1;1;TRUE;TRUE
Q8IXW5;1;0;0;FALSE;FALSE
Q8IY33;0;0;1;FALSE;FALSE
Q8IY37;1;1;1;TRUE;FALSE
Q8IY63;1;0;0;FALSE;FALSE
Q8IY67;1;1;1;TRUE;TRUE
Q8IY81;1;1;1;TRUE;TRUE
Q8IYB3;1;1;1;TRUE;TRUE
Q8IYB5;1;0;1;FALSE;FALSE
Q8IYS1;1;0;0;FALSE;FALSE
Q8IZ69;1;0;0;TRUE;TRUE
Q8IZ83;1;0;1;FALSE;FALSE
Q8IZH2;1;1;1;TRUE;TRUE
Q8IZL8;1;1;1;TRUE;TRUE
Q8IZQ1;1;0;1;FALSE;FALSE
Q8N0X7;1;0;0;FALSE;FALSE
Q8N0Z3;1;0;0;FALSE;FALSE
Q8N122;1;0;1;FALSE;FALSE
Q8N163;1;1;1;TRUE;TRUE
Q8N1F7;1;0;1;FALSE;FALSE
Q8N1G0;1;0;0;FALSE;FALSE
Q8N1G2;1;0;0;FALSE;FALSE
Q8N1G4;1;1;1;TRUE;TRUE
Q8N201;1;0;1;FALSE;FALSE
Q8N2M8;1;0;0;FALSE;FALSE
Q8N3C0;1;0;1;TRUE;TRUE
Q8N3F8;0;1;1;FALSE;FALSE
Q8N3R9;1;0;0;FALSE;FALSE
Q8N488;1;0;0;FALSE;FALSE
Q8N5F7;1;1;0;TRUE;TRUE
Q8N5L8;1;0;1;TRUE;TRUE
Q8N5P1;1;1;0;TRUE;TRUE
Q8N684;1;1;1;TRUE;TRUE
Q8N6T3;0;0;1;FALSE;FALSE
Q8N7H5;1;1;1;FALSE;FALSE
Q8N8A6;1;0;1;TRUE;TRUE
Q8N8S7;1;1;1;FALSE;FALSE
Q8N983;1;1;0;TRUE;TRUE
Q8N9T8;1;1;0;TRUE;TRUE
Q8NAF0;1;0;0;TRUE;TRUE
Q8NAV1;1;1;0;TRUE;TRUE
Q8NB46;0;0;1;FALSE;FALSE
Q8NBS9;1;1;1;FALSE;TRUE
Q8NC51;1;1;1;TRUE;TRUE
Q8NCA5;1;1;1;TRUE;TRUE
Q8NCG7;0;0;1;FALSE;FALSE
Q8NCM8;1;0;0;FALSE;TRUE
Q8ND04;1;0;1;FALSE;FALSE
Q8ND24;1;1;0;FALSE;FALSE
Q8ND56;1;1;1;TRUE;TRUE
Q8NDT2;1;1;1;TRUE;TRUE
Q8NE71;1;1;1;TRUE;TRUE
Q8NEJ9;1;0;0;TRUE;TRUE
Q8NEY8;0;0;1;TRUE;TRUE
Q8NFC6;1;1;0;FALSE;FALSE
Q8NFD5;0;0;1;FALSE;FALSE
Q8NFH5;1;0;1;FALSE;FALSE
Q8NHV4;0;1;0;FALSE;FALSE
Q8NI27;1;1;0;TRUE;FALSE
Q8NI35;1;0;0;FALSE;FALSE
Q8NI36;1;1;1;TRUE;TRUE
Q8TA86;1;0;0;TRUE;TRUE
Q8TAQ2;0;0;1;FALSE;FALSE
Q8TAT6;0;0;1;FALSE;FALSE
Q8TB52;0;0;1;FALSE;FALSE
Q8TB72;1;1;1;TRUE;TRUE
Q8TBC3;0;0;1;FALSE;FALSE
Q8TC07;1;0;0;FALSE;FALSE
Q8TCG1;1;0;1;FALSE;FALSE
Q8TD16;0;1;0;FALSE;FALSE
Q8TD19;1;0;0;FALSE;FALSE
Q8TDB6;0;0;1;FALSE;FALSE
Q8TDD1;1;1;1;TRUE;TRUE
Q8TDN6;1;1;1;TRUE;TRUE
Q8TDY2;1;0;1;FALSE;FALSE
Q8TED0;1;1;1;TRUE;TRUE
Q8TEP8;1;0;0;FALSE;FALSE
Q8TEQ6;1;1;1;TRUE;TRUE
Q8TER5;0;0;1;FALSE;FALSE
Q8TEU7;1;0;0;FALSE;FALSE
Q8TEW0;1;1;1;FALSE;FALSE
Q8TEX9;1;1;1;FALSE;TRUE
Q8TF05;0;0;1;FALSE;FALSE
Q8WTT2;1;1;1;TRUE;TRUE
Q8WU90;1;0;1;TRUE;TRUE
Q8WUA2;1;1;1;TRUE;TRUE
Q8WUA4;1;0;1;FALSE;FALSE
Q8WUF5;0;1;1;FALSE;FALSE
Q8WUI4;0;0;1;FALSE;FALSE
Q8WUM0;1;0;1;FALSE;FALSE
Q8WUM4;1;1;1;FALSE;TRUE
Q8WUM9;0;1;0;FALSE;FALSE
Q8WUQ7;1;0;0;TRUE;TRUE
Q8WVB6;0;0;1;FALSE;FALSE
Q8WVC0;1;1;1;FALSE;FALSE
Q8WVJ2;0;1;0;FALSE;FALSE
Q8WVK2;1;1;0;FALSE;FALSE
Q8WVV9;1;1;1;TRUE;TRUE
Q8WWI1;0;1;1;FALSE;FALSE
Q8WWK9;1;1;0;FALSE;FALSE
Q8WWM7;1;1;1;TRUE;TRUE
Q8WWQ0;1;1;0;FALSE;FALSE
Q8WWY3;1;0;1;TRUE;TRUE
Q8WX93;0;1;1;FALSE;FALSE
Q8WXA9;1;1;0;TRUE;TRUE
Q8WXF1;1;1;1;TRUE;TRUE
Q8WXH0;1;1;1;FALSE;FALSE
Q8WXI9;1;1;1;FALSE;FALSE
Q8WXW3;1;0;0;FALSE;FALSE
Q8WYP5;1;1;1;FALSE;FALSE
Q8WYQ5;1;0;0;TRUE;FALSE
Q8WZA9;1;0;0;FALSE;FALSE
Q92499;1;1;1;TRUE;TRUE
Q92530;0;1;0;FALSE;FALSE
Q92538;1;1;1;FALSE;FALSE
Q92541;1;1;1;TRUE;TRUE
Q92547;1;0;0;FALSE;FALSE
Q92574;0;0;1;FALSE;FALSE
Q92576;1;1;1;FALSE;TRUE
Q92597;0;1;0;FALSE;TRUE
Q92598;1;1;1;FALSE;FALSE
Q92609;0;1;0;FALSE;FALSE
Q92614;1;0;1;TRUE;TRUE
Q92615;1;1;0;TRUE;TRUE
Q92616;1;1;1;TRUE;TRUE
Q92621;1;0;1;FALSE;FALSE
Q92625;1;0;0;FALSE;FALSE
Q92667;1;1;1;TRUE;TRUE
Q92688;1;1;1;FALSE;TRUE
Q92734;0;1;0;FALSE;FALSE
Q92769;1;0;0;TRUE;TRUE
Q92793;1;0;1;FALSE;FALSE
Q92797;1;0;1;FALSE;FALSE
Q92804;1;1;1;TRUE;TRUE
Q92841;1;1;1;TRUE;TRUE
Q92878;1;1;0;FALSE;FALSE
Q92879;1;1;1;TRUE;TRUE
Q92888;1;1;1;TRUE;TRUE
Q92900;1;1;1;TRUE;TRUE
Q92922;1;0;1;FALSE;FALSE
Q92945;1;1;1;TRUE;TRUE
Q92973;1;1;1;TRUE;TRUE
Q92974;1;1;1;FALSE;TRUE
Q93008;1;1;1;FALSE;FALSE
Q93009;1;1;1;FALSE;FALSE
Q93052;0;1;1;FALSE;FALSE
Q93074;1;0;1;FALSE;FALSE
Q969S3;1;0;0;TRUE;TRUE
Q96A35;0;1;0;FALSE;TRUE
Q96A65;1;1;1;FALSE;FALSE
Q96AC1;0;0;1;FALSE;FALSE
Q96AE4;1;1;1;TRUE;TRUE
Q96AG4;1;1;1;TRUE;TRUE
Q96B23;1;1;0;FALSE;FALSE
Q96B97;0;1;0;FALSE;FALSE
Q96CT7;1;1;0;TRUE;TRUE
Q96CW5;1;0;1;FALSE;FALSE
Q96D46;1;1;1;TRUE;TRUE
Q96DH6;1;1;0;TRUE;TRUE
Q96E39;1;1;1;TRUE;TRUE
Q96EK5;1;0;0;FALSE;FALSE
Q96EN8;0;1;0;FALSE;FALSE
Q96EP0;0;0;1;FALSE;FALSE
Q96EP5;1;1;1;TRUE;TRUE
Q96EU6;1;0;0;TRUE;TRUE
Q96EV2;1;1;0;TRUE;TRUE
Q96EY4;1;0;0;FALSE;TRUE
Q96EY7;1;1;0;TRUE;TRUE
Q96F07;1;0;1;FALSE;FALSE
Q96F86;1;0;1;TRUE;FALSE
Q96FS4;0;0;1;FALSE;FALSE
Q96FW1;1;1;0;FALSE;FALSE
Q96G03;0;1;0;FALSE;FALSE
Q96G46;1;1;0;TRUE;TRUE
Q96GA3;1;0;0;FALSE;FALSE
Q96GM8;1;0;0;TRUE;FALSE
Q96GQ7;1;1;1;TRUE;TRUE
Q96HA7;0;0;1;FALSE;FALSE
Q96HC4;1;1;1;FALSE;TRUE
Q96HP0;0;0;1;FALSE;FALSE
Q96I24;1;1;1;TRUE;TRUE
Q96II8;0;0;1;FALSE;FALSE
Q96IZ0;0;1;0;FALSE;TRUE
Q96IZ7;0;1;0;FALSE;FALSE
Q96J02;1;0;0;FALSE;FALSE
Q96JH7;0;0;1;FALSE;FALSE
Q96JM3;1;0;1;FALSE;FALSE
Q96JN8;1;0;0;FALSE;FALSE
Q96JP5;0;1;0;FALSE;FALSE
Q96K17;1;0;0;FALSE;FALSE
Q96KP4;0;1;0;FALSE;TRUE
Q96KR1;1;1;1;TRUE;TRUE
Q96L91;1;0;1;FALSE;FALSE
Q96ME1;0;0;1;FALSE;FALSE
Q96MT8;1;0;0;FALSE;FALSE
Q96MU7;1;1;1;TRUE;TRUE
Q96N67;1;1;1;FALSE;FALSE
Q96P11;1;1;1;TRUE;TRUE
Q96P16;1;0;0;FALSE;FALSE
Q96P48;0;0;1;FALSE;FALSE
Q96P70;1;1;1;FALSE;FALSE
Q96PE2;0;0;1;FALSE;FALSE
Q96PK6;1;1;1;TRUE;TRUE
Q96PU4;0;1;0;FALSE;FALSE
Q96PU8;1;1;1;TRUE;TRUE
Q96Q15;1;0;1;TRUE;TRUE
Q96QC0;1;1;1;TRUE;TRUE
Q96QK1;1;1;1;FALSE;FALSE
Q96QR8;1;1;1;TRUE;TRUE
Q96R06;1;0;1;FALSE;FALSE
Q96RK0;0;0;1;FALSE;FALSE
Q96RN5;1;0;1;FALSE;FALSE
Q96RT1;0;0;1;FALSE;FALSE
Q96RT7;1;0;1;FALSE;FALSE
Q96S59;1;0;0;FALSE;FALSE
Q96SB4;1;1;1;TRUE;TRUE
Q96SI9;1;0;1;TRUE;TRUE
Q96SN8;1;1;1;FALSE;FALSE
Q96ST2;1;1;1;FALSE;FALSE
Q96ST3;1;0;0;TRUE;FALSE
Q96SU4;1;0;0;FALSE;FALSE
Q96T21;1;0;0;TRUE;TRUE
Q96T23;1;0;0;FALSE;FALSE
Q96T37;1;1;1;TRUE;TRUE
Q96T51;1;0;0;FALSE;FALSE
Q96T58;1;1;1;TRUE;TRUE
Q96T76;1;0;1;FALSE;FALSE
Q96T88;1;0;1;FALSE;FALSE
Q96TA1;0;1;0;FALSE;FALSE
Q99439;0;1;1;FALSE;TRUE
Q99442;1;1;1;FALSE;TRUE
Q99459;1;1;1;TRUE;TRUE
Q99460;1;1;1;FALSE;FALSE
Q99497;1;1;0;TRUE;TRUE
Q99543;1;0;1;TRUE;TRUE
Q99567;1;0;1;FALSE;FALSE
Q99569;0;1;0;FALSE;FALSE
Q99570;1;0;1;FALSE;FALSE
Q99575;1;1;1;TRUE;TRUE
Q99590;1;1;0;TRUE;TRUE
Q99615;1;1;1;FALSE;FALSE
Q99661;1;0;1;FALSE;FALSE
Q99700;1;1;1;TRUE;TRUE
Q99707;0;0;1;FALSE;FALSE
Q99714;0;1;0;TRUE;TRUE
Q99729;1;1;1;TRUE;TRUE
Q99733;1;1;1;TRUE;TRUE
Q99798;1;1;1;FALSE;TRUE
Q99832;1;1;1;FALSE;FALSE
Q99848;1;1;1;TRUE;TRUE
Q99873;1;0;0;TRUE;TRUE
Q99959;1;1;0;FALSE;FALSE
Q99996;1;1;1;FALSE;FALSE
Q9BPX3;1;0;1;FALSE;FALSE
Q9BQ04;1;0;1;TRUE;TRUE
Q9BQ39;1;0;0;TRUE;TRUE
Q9BQ52;1;0;1;TRUE;TRUE
Q9BQ61;1;0;0;TRUE;FALSE
Q9BQ70;1;0;0;FALSE;FALSE
Q9BQA1;0;1;0;FALSE;FALSE
Q9BQC6;0;1;0;FALSE;FALSE
Q9BQE3;1;1;1;FALSE;FALSE
Q9BQG0;1;1;1;TRUE;TRUE
Q9BQS8;1;0;1;FALSE;FALSE
Q9BR76;0;1;0;FALSE;FALSE
Q9BR77;1;0;0;FALSE;FALSE
Q9BRJ2;1;0;1;TRUE;TRUE
Q9BRP1;1;0;0;FALSE;FALSE
Q9BRP8;0;1;0;TRUE;TRUE
Q9BRS2;1;0;0;FALSE;FALSE
Q9BRZ2;1;1;1;TRUE;TRUE
Q9BS26;0;1;1;FALSE;FALSE
Q9BSC4;1;1;1;TRUE;TRUE
Q9BSJ2;0;0;1;FALSE;FALSE
Q9BSJ8;1;1;1;FALSE;FALSE
Q9BTC0;1;1;1;TRUE;TRUE
Q9BTD8;1;0;1;TRUE;TRUE
Q9BTE3;1;1;1;FALSE;FALSE
Q9BTT0;1;1;1;FALSE;FALSE
Q9BTW9;1;0;1;FALSE;FALSE
Q9BTX1;1;0;1;FALSE;FALSE
Q9BTY7;1;0;0;FALSE;FALSE
Q9BU76;1;1;1;TRUE;TRUE
Q9BUF5;0;1;1;FALSE;FALSE
Q9BUJ2;1;1;1;TRUE;TRUE
Q9BUQ8;1;1;1;TRUE;TRUE
Q9BV38;1;1;1;FALSE;FALSE
Q9BV44;1;0;1;TRUE;FALSE
Q9BV57;1;0;0;FALSE;FALSE
Q9BV73;1;0;1;FALSE;FALSE
Q9BVA0;1;0;0;FALSE;FALSE
Q9BVJ6;1;1;1;TRUE;TRUE
Q9BVP2;1;1;1;TRUE;TRUE
Q9BVS4;1;0;0;FALSE;FALSE
Q9BW19;1;0;1;FALSE;FALSE
Q9BW27;1;0;0;FALSE;FALSE
Q9BW92;1;0;0;FALSE;FALSE
Q9BWF3;1;1;1;TRUE;TRUE
Q9BWH6;1;0;1;FALSE;FALSE
Q9BWU0;1;0;1;TRUE;FALSE
Q9BX40;1;1;1;TRUE;TRUE
Q9BXB5;0;0;1;FALSE;FALSE
Q9BXJ9;1;1;1;TRUE;TRUE
Q9BXP5;1;1;1;TRUE;TRUE
Q9BXR0;1;0;1;FALSE;FALSE
Q9BY44;1;1;1;TRUE;FALSE
Q9BY77;1;1;1;TRUE;TRUE
Q9BY89;0;1;1;FALSE;FALSE
Q9BYD1;1;1;0;TRUE;TRUE
Q9BYD3;1;1;1;TRUE;TRUE
Q9BYG3;1;1;1;TRUE;TRUE
Q9BYJ9;1;0;1;TRUE;TRUE
Q9BYK8;1;1;1;TRUE;TRUE
Q9BYW2;1;0;1;FALSE;FALSE
Q9BYX2;0;1;0;FALSE;FALSE
Q9BZE1;1;1;1;TRUE;TRUE
Q9BZE4;1;1;1;TRUE;TRUE
Q9BZF9;1;0;0;FALSE;FALSE
Q9BZH6;0;0;1;FALSE;FALSE
Q9BZI7;0;1;0;TRUE;TRUE
Q9BZZ5;1;0;1;TRUE;TRUE
Q9C0B0;1;0;0;TRUE;TRUE
Q9C0C2;1;1;1;FALSE;TRUE
Q9C0C9;1;0;0;TRUE;TRUE
Q9C0D5;0;1;1;FALSE;FALSE
Q9C0J8;1;1;1;TRUE;TRUE
Q9GZP4;1;0;0;FALSE;FALSE
Q9GZR2;1;0;1;TRUE;TRUE
Q9GZR7;1;1;1;TRUE;TRUE
Q9GZT3;1;1;1;TRUE;TRUE
Q9H0A0;1;1;1;TRUE;TRUE
Q9H0B6;0;1;0;FALSE;FALSE
Q9H0D6;1;1;1;TRUE;TRUE
Q9H0G5;1;1;1;TRUE;TRUE
Q9H0H5;1;1;1;FALSE;FALSE
Q9H0L4;1;1;1;TRUE;TRUE
Q9H0S4;1;0;0;TRUE;TRUE
Q9H0U4;0;1;0;FALSE;FALSE
Q9H0W8;0;0;1;FALSE;FALSE
Q9H1A4;1;0;1;FALSE;FALSE
Q9H1E3;0;1;0;TRUE;TRUE
Q9H1I8;1;1;0;FALSE;FALSE
Q9H2G2;1;1;0;FALSE;FALSE
Q9H2M9;1;1;1;FALSE;FALSE
Q9H2P0;1;1;1;FALSE;FALSE
Q9H2U1;1;1;1;TRUE;TRUE
Q9H2U2;0;1;0;FALSE;FALSE
Q9H2Y7;1;0;0;TRUE;TRUE
Q9H307;1;1;1;TRUE;TRUE
Q9H3K6;1;0;0;FALSE;FALSE
Q9H3N1;0;0;1;FALSE;FALSE
Q9H3P7;0;1;0;FALSE;FALSE
Q9H3S7;1;1;1;FALSE;FALSE
Q9H3U1;1;1;1;FALSE;FALSE
Q9H4A3;1;1;0;FALSE;FALSE
Q9H4A4;1;1;1;FALSE;FALSE
Q9H4L4;1;0;1;FALSE;FALSE
Q9H4L5;0;1;0;FALSE;FALSE
Q9H501;1;1;1;TRUE;TRUE
Q9H583;1;0;1;TRUE;TRUE
Q9H6F5;1;0;0;TRUE;TRUE
Q9H6R4;1;1;1;TRUE;TRUE
Q9H6R7;0;0;1;FALSE;FALSE
Q9H6S0;1;0;0;TRUE;TRUE
Q9H6W3;0;0;1;FALSE;FALSE
Q9H6Z4;1;1;0;FALSE;FALSE
Q9H773;1;0;0;FALSE;FALSE
Q9H792;0;0;1;FALSE;FALSE
Q9H7B2;1;0;0;TRUE;TRUE
Q9H7E2;0;1;0;TRUE;TRUE
Q9H7E9;1;0;0;FALSE;FALSE
Q9H7N4;1;1;0;TRUE;FALSE
Q9H8M2;1;0;0;FALSE;FALSE
Q9H8Y5;0;1;0;FALSE;FALSE
Q9H910;1;1;1;FALSE;FALSE
Q9H9B1;1;0;0;FALSE;FALSE
Q9H9Y6;1;0;1;FALSE;FALSE
Q9HAU0;0;1;1;FALSE;FALSE
Q9HAV4;1;1;1;TRUE;TRUE
Q9HB71;1;1;1;FALSE;TRUE
Q9HC35;1;1;1;FALSE;TRUE
Q9HCD5;1;1;0;TRUE;TRUE
Q9HCE0;0;0;1;FALSE;FALSE
Q9HCE1;1;1;1;TRUE;TRUE
Q9HCG8;1;1;1;TRUE;FALSE
Q9HCJ3;1;0;0;TRUE;TRUE
Q9HCK8;1;0;0;FALSE;FALSE
Q9HCS7;1;0;0;FALSE;FALSE
Q9NNW5;1;0;1;TRUE;TRUE
Q9NNX1;0;0;1;FALSE;FALSE
Q9NP61;1;0;1;FALSE;FALSE
Q9NP92;0;1;0;TRUE;TRUE
Q9NPI6;1;1;0;TRUE;FALSE
Q9NQ29;1;1;1;TRUE;TRUE
Q9NQ55;1;1;1;TRUE;TRUE
Q9NQC3;0;1;0;TRUE;TRUE
Q9NQS7;1;0;0;FALSE;FALSE
Q9NQW6;1;1;1;FALSE;FALSE
Q9NQW7;0;1;0;FALSE;FALSE
Q9NQX3;1;0;1;FALSE;FALSE
Q9NR09;1;0;1;FALSE;FALSE
Q9NR12;1;1;1;FALSE;FALSE
Q9NR30;1;1;1;TRUE;TRUE
Q9NR56;1;1;1;TRUE;TRUE
Q9NRA8;1;1;0;TRUE;TRUE
Q9NRF9;1;0;0;FALSE;FALSE
Q9NRG9;1;0;1;FALSE;FALSE
Q9NRL2;1;0;0;FALSE;FALSE
Q9NRL3;1;0;0;FALSE;FALSE
Q9NRN7;1;1;1;FALSE;FALSE
Q9NRR4;1;0;0;TRUE;TRUE
Q9NRW3;0;1;0;TRUE;TRUE
Q9NRX1;0;0;1;TRUE;TRUE
Q9NRZ9;1;0;0;FALSE;FALSE
Q9NS87;1;0;1;FALSE;FALSE
Q9NSD9;1;1;1;TRUE;TRUE
Q9NSE4;1;1;1;TRUE;FALSE
Q9NSV4;0;0;1;FALSE;FALSE
Q9NT62;0;1;0;FALSE;FALSE
Q9NTJ3;1;0;1;FALSE;FALSE
Q9NTJ5;1;1;0;FALSE;FALSE
Q9NTK5;0;1;0;FALSE;TRUE
Q9NTZ6;1;1;1;TRUE;TRUE
Q9NU22;1;0;1;FALSE;FALSE
Q9NUD5;1;0;1;TRUE;TRUE
Q9NUL3;1;0;1;TRUE;TRUE
Q9NUL7;0;0;1;TRUE;TRUE
Q9NUQ3;1;1;0;FALSE;FALSE
Q9NUQ6;0;1;1;TRUE;TRUE
Q9NUQ8;1;1;1;FALSE;FALSE
Q9NUQ9;0;1;0;FALSE;FALSE
Q9NV06;1;1;1;TRUE;TRUE
Q9NVI1;1;0;1;FALSE;FALSE
Q9NVN8;1;1;1;TRUE;TRUE
Q9NVP1;1;1;1;TRUE;TRUE
Q9NVS2;1;1;1;FALSE;TRUE
Q9NVU7;0;0;1;FALSE;TRUE
Q9NVV4;0;0;1;TRUE;TRUE
Q9NW13;1;1;1;TRUE;TRUE
Q9NW64;1;0;1;TRUE;TRUE
Q9NW82;1;0;1;FALSE;FALSE
Q9NWB6;1;1;1;FALSE;FALSE
Q9NWH9;1;1;1;TRUE;TRUE
Q9NX24;1;1;1;TRUE;TRUE
Q9NX58;1;1;0;TRUE;TRUE
Q9NXE4;1;0;1;FALSE;FALSE
Q9NXE8;1;0;0;FALSE;FALSE
Q9NXF1;0;1;0;FALSE;FALSE
Q9NXG2;1;1;0;TRUE;TRUE
Q9NXH9;0;1;1;TRUE;TRUE
Q9NXV6;1;1;0;TRUE;FALSE
Q9NY33;1;1;1;FALSE;FALSE
Q9NY61;1;0;0;TRUE;TRUE
Q9NY93;1;1;1;TRUE;TRUE
Q9NYF8;1;1;1;TRUE;TRUE
Q9NYH9;1;0;0;TRUE;FALSE
Q9NYJ8;0;1;1;FALSE;FALSE
Q9NYL2;0;1;0;TRUE;TRUE
Q9NYL9;0;1;0;FALSE;FALSE
Q9NYV4;1;1;1;FALSE;FALSE
Q9NYY8;1;0;0;TRUE;TRUE
Q9NYZ3;1;0;1;FALSE;FALSE
Q9NZB2;1;1;1;TRUE;TRUE
Q9NZJ4;1;0;1;FALSE;FALSE
Q9NZL4;1;0;0;FALSE;FALSE
Q9NZL9;0;1;0;FALSE;FALSE
Q9NZM5;1;1;0;TRUE;TRUE
Q9NZN5;1;0;0;FALSE;FALSE
Q9NZN8;1;0;0;FALSE;FALSE
Q9NZQ3;1;0;0;FALSE;FALSE
Q9NZT2;0;1;1;FALSE;FALSE
Q9P031;1;0;1;TRUE;TRUE
Q9P0K7;1;1;0;FALSE;FALSE
Q9P0L0;1;1;0;FALSE;FALSE
Q9P1Y6;0;1;0;FALSE;FALSE
Q9P206;0;0;1;FALSE;FALSE
Q9P219;1;0;0;FALSE;FALSE
Q9P258;1;1;0;TRUE;TRUE
Q9P260;0;0;1;FALSE;FALSE
Q9P265;1;0;1;FALSE;FALSE
Q9P270;0;1;1;FALSE;FALSE
Q9P275;1;0;1;TRUE;TRUE
Q9P287;0;1;0;TRUE;TRUE
Q9P2B4;0;0;1;FALSE;FALSE
Q9P2D3;1;0;1;FALSE;FALSE
Q9P2E3;0;0;1;TRUE;TRUE
Q9P2E9;1;1;1;TRUE;TRUE
Q9P2I0;1;0;1;TRUE;FALSE
Q9P2J5;1;1;1;FALSE;FALSE
Q9P2N5;1;1;1;TRUE;TRUE
Q9P2R3;1;0;1;FALSE;FALSE
Q9UBB4;1;1;0;FALSE;FALSE
Q9UBB5;0;1;0;TRUE;FALSE
Q9UBF2;0;0;1;FALSE;FALSE
Q9UBN7;0;0;1;FALSE;FALSE
Q9UBT2;1;0;0;FALSE;FALSE
Q9UBU9;1;1;0;TRUE;TRUE
Q9UBW7;1;0;0;FALSE;FALSE
Q9UDY2;1;1;1;FALSE;FALSE
Q9UDY8;0;1;0;FALSE;FALSE
Q9UEE9;1;1;0;FALSE;FALSE
Q9UER7;1;1;0;FALSE;FALSE
Q9UG63;1;1;0;FALSE;FALSE
Q9UGP4;1;1;1;FALSE;FALSE
Q9UGP8;1;1;1;TRUE;TRUE
Q9UGR2;1;1;1;TRUE;TRUE
Q9UGU0;1;1;0;TRUE;TRUE
Q9UHB6;0;1;1;FALSE;TRUE
Q9UHB7;1;1;0;FALSE;TRUE
Q9UHB9;0;1;1;TRUE;TRUE
Q9UHD1;1;0;1;FALSE;FALSE
Q9UHI6;1;1;1;FALSE;FALSE
Q9UHR4;0;1;0;FALSE;FALSE
Q9UHV7;0;0;1;FALSE;FALSE
Q9UHX1;1;1;1;TRUE;TRUE
Q9UI10;1;1;0;TRUE;FALSE
Q9UIA9;1;1;1;FALSE;FALSE
Q9UIF9;1;0;1;TRUE;FALSE
Q9UIG0;1;0;0;FALSE;TRUE
Q9UJS0;0;0;1;FALSE;FALSE
Q9UJU6;1;1;1;FALSE;TRUE
Q9UJV9;1;0;0;TRUE;TRUE
Q9UK59;0;1;0;TRUE;TRUE
Q9UK61;1;0;0;TRUE;TRUE
Q9UK76;0;1;0;FALSE;FALSE
Q9UKF6;1;0;0;TRUE;FALSE
Q9UKJ3;1;1;1;TRUE;TRUE
Q9UKK3;0;1;1;FALSE;FALSE
Q9UKM9;1;1;1;TRUE;TRUE
Q9UKN8;1;0;1;FALSE;FALSE
Q9UKV3;1;1;1;TRUE;TRUE
Q9UKV8;1;0;1;TRUE;TRUE
Q9UKX7;1;0;0;FALSE;FALSE
Q9UKY7;0;1;1;FALSE;TRUE
Q9ULA0;0;0;1;FALSE;FALSE
Q9ULH0;1;1;1;FALSE;FALSE
Q9ULK4;0;0;1;FALSE;FALSE
Q9ULT8;1;1;1;FALSE;FALSE
Q9ULU4;1;1;1;FALSE;FALSE
Q9ULV3;1;0;0;FALSE;FALSE
Q9ULV4;1;1;1;FALSE;FALSE
Q9ULW0;1;1;1;FALSE;FALSE
Q9ULX3;1;0;1;FALSE;FALSE
Q9ULX6;1;1;1;TRUE;TRUE
Q9UM54;1;1;0;FALSE;FALSE
Q9UMN6;0;0;1;FALSE;FALSE
Q9UMS4;1;1;1;FALSE;FALSE
Q9UMZ2;0;0;1;FALSE;FALSE
Q9UN37;1;0;0;FALSE;FALSE
Q9UN86;1;1;1;TRUE;TRUE
Q9UNF1;1;0;1;FALSE;FALSE
Q9UNW9;1;0;1;TRUE;TRUE
Q9UNX3;1;1;0;TRUE;FALSE
Q9UNX4;1;0;1;TRUE;TRUE
Q9UPN3;1;1;1;TRUE;TRUE
Q9UPN4;1;1;1;FALSE;FALSE
Q9UPN6;1;1;1;TRUE;TRUE
Q9UPN7;1;1;1;FALSE;FALSE
Q9UPN9;1;0;1;FALSE;FALSE
Q9UPP1;1;0;0;FALSE;FALSE
Q9UPQ0;0;0;1;FALSE;FALSE
Q9UPQ9;1;1;1;TRUE;TRUE
Q9UPT8;1;1;1;TRUE;TRUE
Q9UPU5;1;0;1;FALSE;FALSE
Q9UPY3;1;0;1;TRUE;FALSE
Q9UQ35;1;1;1;TRUE;TRUE
Q9UQ80;1;1;1;TRUE;TRUE
Q9UQE7;1;1;0;FALSE;FALSE
Q9Y230;1;1;1;FALSE;FALSE
Q9Y262;0;1;1;TRUE;TRUE
Q9Y263;0;1;1;FALSE;FALSE
Q9Y265;1;1;1;FALSE;FALSE
Q9Y266;1;0;0;FALSE;FALSE
Q9Y285;1;1;0;TRUE;TRUE
Q9Y295;1;0;0;FALSE;TRUE
Q9Y2A7;0;0;1;FALSE;FALSE
Q9Y2B0;0;1;0;FALSE;FALSE
Q9Y2D5;0;0;1;FALSE;FALSE
Q9Y2F5;1;0;0;FALSE;FALSE
Q9Y2I1;1;0;0;FALSE;FALSE
Q9Y2L1;1;1;0;TRUE;FALSE
Q9Y2R4;1;0;1;TRUE;TRUE
Q9Y2R9;1;1;1;TRUE;TRUE
Q9Y2U8;1;1;0;FALSE;FALSE
Q9Y2W1;1;1;1;TRUE;TRUE
Q9Y2W2;1;1;1;TRUE;TRUE
Q9Y2X0;1;0;1;FALSE;FALSE
Q9Y2X3;1;1;1;TRUE;TRUE
Q9Y2X7;0;1;0;FALSE;FALSE
Q9Y314;1;0;0;TRUE;TRUE
Q9Y333;0;1;0;TRUE;TRUE
Q9Y383;1;1;1;TRUE;TRUE
Q9Y388;1;0;0;TRUE;TRUE
Q9Y3B9;1;1;1;FALSE;TRUE
Q9Y3C1;1;1;1;TRUE;TRUE
Q9Y3E1;1;1;0;FALSE;FALSE
Q9Y3F4;1;1;1;TRUE;TRUE
Q9Y3I0;1;1;1;TRUE;TRUE
Q9Y3P9;1;0;0;FALSE;FALSE
Q9Y3T9;1;0;1;TRUE;TRUE
Q9Y3Y2;1;1;1;TRUE;TRUE
Q9Y446;1;1;0;FALSE;FALSE
Q9Y448;0;0;1;FALSE;FALSE
Q9Y490;1;1;1;FALSE;TRUE
Q9Y4A5;1;0;1;FALSE;FALSE
Q9Y4B6;1;0;1;FALSE;FALSE
Q9Y4C2;1;0;1;FALSE;FALSE
Q9Y4C8;1;1;1;TRUE;TRUE
Q9Y4E8;0;0;1;FALSE;FALSE
Q9Y4F5;0;1;0;FALSE;FALSE
Q9Y4G6;1;0;1;FALSE;FALSE
Q9Y4P3;0;1;0;TRUE;TRUE
Q9Y4R8;1;0;1;FALSE;FALSE
Q9Y4W2;1;1;1;TRUE;TRUE
Q9Y520;1;1;1;TRUE;TRUE
Q9Y580;0;0;1;TRUE;TRUE
Q9Y5A9;1;1;1;TRUE;TRUE
Q9Y5B9;1;1;1;TRUE;TRUE
Q9Y5J1;1;1;1;TRUE;TRUE
Q9Y5K6;0;0;1;FALSE;FALSE
Q9Y5L0;1;0;1;FALSE;FALSE
Q9Y5Q9;1;0;1;FALSE;FALSE
Q9Y5S2;1;1;1;FALSE;FALSE
Q9Y5V3;1;0;1;FALSE;FALSE
Q9Y613;1;0;1;FALSE;FALSE
Q9Y617;0;1;0;FALSE;FALSE
Q9Y618;0;0;1;FALSE;FALSE
Q9Y678;1;1;1;FALSE;TRUE
Q9Y696;0;1;0;FALSE;FALSE
Q9Y6A5;0;0;1;FALSE;FALSE
Q9Y6D5;0;0;1;FALSE;FALSE
Q9Y6D6;0;0;1;FALSE;FALSE
Q9Y6D9;0;0;1;FALSE;FALSE
Q9Y6E2;0;1;0;FALSE;TRUE
Q9Y6G3;1;1;0;TRUE;TRUE
Q9Y6G9;1;0;1;TRUE;TRUE
Q9Y6K9;1;1;1;FALSE;FALSE
Q9Y6M1;1;1;1;TRUE;TRUE
Q9Y6N5;0;1;0;FALSE;FALSE
Q9Y6R4;0;0;1;FALSE;FALSE
Q9Y6W5;1;0;1;FALSE;FALSE
Q9Y6Y8;1;1;1;TRUE;TRUE
;;;;;
n=4 SILAC Rnase vs control experiments for HEK293 and U2OS;;;;;
96% of proteins were enriched in the organic phase following RNase treatment. Therefore all proteins identified were deemed RBPs;;;;;
MCF10A could not be grown in SILAC media. Therefore a conservative approach was taken:;;;;;
OOPS was repeated (n=5) and only proteins identified in all replicates were retained;;;;;
;;;;;
Column;Description;;;;
Uniprot_ID;Master  protein  uniprot  ID;;;;
HEK293;Protein  identified  in  HEK293;;;;
MCF10A;Protein  identified  in  MCF10A;;;;
U2OS;Protein  identified  in  U2OS;;;;
GO_RBP;Protein annotated as “RNA binding” (GO:0003723) in GO;;;;
RBP_Capture;Protein identified as RBP in Baltz et al (2012), Castello et al (2012), Beckmann et al (2015) or Castello et al (2016);;;;